liam_smith,18
olivia_johnson,22
noah_williams,19
emma_brown,25
oliver_jones,30
ava_garcia,21
elijah_miller,28
sophia_davis,17
william_rodriguez,24
isabella_martinez,27
james_hernandez,20
mia_lopez,16
benjamin_gonzalez,29
amelia_wilson,18
lucas_anderson,26
harper_thomas,23
henry_taylor,31
evelyn_moore,22
alexander_jackson,34
abigail_martin,19
daniel_lee,28
emily_perez,17
matthew_thompson,24
ella_white,27
jack_harris,20
scarlett_sanchez,16
sebastian_clark,29
grace_ramirez,18
aiden_lewis,26
chloe_robinson,23
samuel_walker,31
victoria_young,22
david_allen,34
riley_king,19
jose_wright,28
lily_scott,17
carter_torres,24
zoey_nguyen,27
owen_hill,20
nora_flores,16
wyatt_green,29
hannah_adams,18
john_nelson,26
layla_baker,23
jackson_hall,31
aria_rivera,22
luke_campbell,34
ellie_mitchell,19
jayden_carter,28
aubrey_roberts,17
dylan_gomez,24
addison_phillips,27
grayson_evans,20
natalie_turner,16
levi_diaz,29
luna_parker,18
isaac_cruz,26
savannah_edwards,23
gabriel_collins,31
brooklyn_reyes,22
julian_stewart,34
leah_morris,19
mateo_morales,28
zoe_murphy,17
anthony_cook,24
stella_rogers,27
joshua_gutierrez,20
hazel_ortiz,16
christopher_morgan,29
violet_cooper,18
andrew_peterson,26
aurora_bailey,23
theodore_reed,31
bella_kelly,22
caleb_howard,34
claire_ramos,19
ryan_kim,28
skylar_cox,17
asher_ward,24
lucy_richardson,27
nathan_watson,20
paisley_brooks,16
thomas_chavez,29
everly_wood,18
leo_james,26
anna_bennett,23
isaiah_gray,31
caroline_mendoza,22
charles_ruiz,34
kennedy_hughes,19
josiah_price,28
maya_alvarez,17
hudson_castillo,24
madelyn_sanders,27
ezra_patel,20
willow_myers,16
adrian_long,29
serenity_ross,18
